topic,count
Hello.,0
How do I connect to the Wi-Fi on Swinburne's campus?,1
Is there any support available if I have trouble connecting to Wi-Fi at Swinburne?,1
What's the difference between academic credit and RPL?,2
What are the top 5 customer service girls?,1
What are the top five customer service skills?,7
How does Swinburne University incorporate customer service training in its curriculum?,1
Is there a limit to the amount of advanced standing I can receive?,1
Are there specific courses or programs at Swinburne that have restrictions on advanced standing?,1
What is the best degree for a financial adviser?,1
Are there any specific undergraduate programs at Swinburne University that focus on financial advising skills?,1
Is Swinburne better than RMIT?,1
Why is RMIT better?,1
Tell me something about RMIT.,2
What kind of person can be a financial adviser?,3
How do I start being a financial adviser?,1
"What is better, a financial adviser?",1
What is better a financial adviser?,2
"The correct form is: ""what are"".",1
What customer service skills are emphasized in Swinburne University's business courses?,1
Can you show me why I should study in swimming?,1
"What is better, a financial advisor?",2
Can you please compare Sunburn with RMIT?,1
'What are the top five customer service skills?',1
Can you compare Cinema University with RMIT?,1
Can you say something about RMIT University?,1
